Date,LColor1,LColor2,MColor1,MColor2,SColor1,SColor2
2021-01-01,150958,192401,160590,222088,223559,134643
2021-01-02,169913,189994,212078,164064,202066,196689
2021-01-03,194149,198275,167847,171590,207624,255335
2021-01-04,204219,185364,184402,153392,203136,222168
2021-01-05,190424,192827,206799,227184,199971,182712
2021-01-06,178818,147446,173539,245001,211076,231342
2021-01-07,263380,152649,184764,196966,227381,176287
2021-01-08,207826,273259,170558,243873,259162,207199
2021-01-09,201219,196978,232798,196503,233262,201678
2021-01-10,204274,188691,236719,177179,225533,228840
2021-01-11,198613,229718,177383,192204,215843,158851
2021-01-12,200505,186692,190197,181962,191306,239649
2021-01-13,234545,179707,223519,193417,211668,179102
2021-01-14,151215,244967,182646,235441,163125,189038
2021-01-15,217416,217039,162816,211615,127273,236322
2021-01-16,166800,189058,240391,192419,187810,154673
2021-01-17,256379,195503,224025,208693,234326,244840
2021-01-18,183122,205282,169519,229202,195323,195189
2021-01-19,193891,193736,187064,229132,162384,235938
2021-01-20,197891,164696,177198,234107,203512,170946
2021-01-21,214294,174170,276918,251481,173184,226137
2021-01-22,219783,242912,184536,226414,198465,151093
2021-01-23,170120,203801,161462,262042,222113,216595
2021-01-24,206839,210096,211169,162128,200916,195125
2021-01-25,221856,266534,203139,269305,184237,222628
2021-01-26,211583,180915,166771,242626,228362,159531
2021-01-27,301552,164523,260539,231620,203662,270818
2021-01-28,173117,212901,211399,213389,174162,188209
2021-01-29,253107,197814,196424,187818,203431,182106
2021-01-30,210671,230231,236137,186321,235893,145638
2021-01-31,181872,237067,156495,246810,226591,176926
2021-02-01,156569,205380,165977,201632,274612,203687
2021-02-02,178013,197992,176449,188985,203773,169938
2021-02-03,243850,134685,266955,180904,162045,207183
2021-02-04,202224,181080,206362,205699,235773,236830
2021-02-05,187861,194291,182152,226081,231848,212811
2021-02-06,193967,153546,177743,182638,194574,192848
2021-02-07,189418,189315,212519,209880,201283,176768
2021-02-08,194624,220356,215918,213859,225244,235677
2021-02-09,212738,206313,189346,201591,235583,218277
2021-02-10,206059,189407,197481,191012,235918,269026
2021-02-11,224847,219993,184481,219502,166342,146341
2021-02-12,180450,164901,167264,186357,171944,207609
2021-02-13,181299,211007,233513,193005,283868,209173
2021-02-14,174643,206585,242649,185789,201617,210046
2021-02-15,182039,191309,204620,185124,142828,209694
2021-02-16,198185,279305,272297,226854,192097,236290
2021-02-17,175308,193108,191113,142829,227375,177980
2021-02-18,201024,224864,197329,161772,239624,170716
2021-02-19,204940,169293,211649,177079,184827,204816
2021-02-20,254158,201685,174715,199234,187493,205959
2021-02-21,215576,213218,229430,221416,181262,158319
2021-02-22,236216,229889,305351,202365,235476,202589
2021-02-23,185883,230136,208845,124737,267160,185518
2021-02-24,215661,217834,255810,189023,176322,180787
2021-02-25,166436,180231,209160,237385,152174,254779
2021-02-26,149784,187099,239642,255549,164943,200618
2021-02-27,186052,199544,248726,164275,218118,188925
2021-02-28,186826,171045,177264,229079,290692,230046
2021-03-01,188125,183584,186385,175398,156885,228581
2021-03-02,176925,215949,281360,188379,205782,183209
2021-03-03,209167,157892,241233,201860,229277,147228
2021-03-04,284512,190409,130392,219591,222061,203646
2021-03-05,172959,207733,141897,223312,169771,211402
2021-03-06,199535,236672,226855,239310,273394,180420
2021-03-07,182492,247720,212883,183658,178880,203037
2021-03-08,205366,213873,221456,186850,259839,212728
2021-03-09,174678,177593,180003,188287,209118,179355
2021-03-10,193924,230236,167086,174796,164581,180339
2021-03-11,210470,207162,238361,188032,192668,245648
2021-03-12,193355,235721,167532,210201,197921,241706
2021-03-13,172420,176566,191493,207077,245680,173957
2021-03-14,247482,211087,231443,246386,227130,233766
2021-03-15,263522,200158,175946,240835,145919,166098
2021-03-16,198842,234962,190645,189027,175973,241197
2021-03-17,207211,230803,195028,201809,228911,220964
2021-03-18,154718,188350,213906,131302,205608,209678
2021-03-19,200046,212969,233376,146319,181393,236575
2021-03-20,175644,194321,207055,229369,154561,231484
2021-03-21,183597,239444,208968,187014,202988,172165
2021-03-22,255890,182997,177336,216321,192832,175972
2021-03-23,202575,141351,213820,190030,146851,208737
2021-03-24,226614,154343,197195,207447,191722,163445
2021-03-25,259060,203335,163744,150576,274352,204512
2021-03-26,237794,184313,167777,194560,193641,163419
2021-03-27,254391,169310,180338,202180,156825,165987
2021-03-28,251418,181966,268832,300535,203005,224880
2021-03-29,180590,226290,240897,224368,187053,286998
2021-03-30,136560,214920,208130,178968,128460,159719
2021-03-31,159884,202469,166755,201626,205922,208311
2021-04-01,146820,195894,161238,183906,273136,199668
2021-04-02,254487,190092,174066,221637,208330,212909
2021-04-03,234451,213532,196596,139009,189625,211899
2021-04-04,182004,184296,190651,205530,249997,176984
2021-04-05,178747,200198,210263,234921,206247,197795
2021-04-06,187372,178066,189681,167893,230295,173851
2021-04-07,210609,168006,195167,260734,272845,207414
2021-04-08,213170,208674,183036,177365,164507,170198
2021-04-09,187616,217748,216567,167642,221516,205296
2021-04-10,237333,220204,190008,232167,184342,171523
2021-04-11,216023,193738,138075,209538,178780,243012
2021-04-12,194105,136359,175544,199972,186183,187792
2021-04-13,205707,232739,147211,205440,190339,198594
2021-04-14,147380,252154,156531,198912,212392,130915
2021-04-15,174826,166813,156775,171086,207174,200728
2021-04-16,219219,232110,219686,214482,193027,184400
2021-04-17,233306,217806,222286,233724,270917,208482
2021-04-18,226709,241178,185467,217553,161318,211375
2021-04-19,186772,277646,188955,176114,137593,260978
2021-04-20,170915,217713,212994,175699,184181,189128
2021-04-21,132322,183626,195958,204296,189438,193788
2021-04-22,197298,130691,217807,173745,206487,225729
2021-04-23,211698,178876,162348,255321,215163,184282
2021-04-24,193501,249330,211890,194446,194202,186207
2021-04-25,197125,235516,213437,162591,201934,199881
2021-04-26,190346,203954,168717,230086,178610,166250
2021-04-27,243201,189139,185150,174397,181498,185152
2021-04-28,210118,209769,139906,227332,159791,176343
2021-04-29,230489,253083,155887,280603,177089,184127
2021-04-30,194161,249562,222734,255255,181536,232073
2021-05-01,229165,199736,273837,190994,171287,227675
2021-05-02,130001,178082,242409,208719,177985,227073
2021-05-03,185278,149935,174947,193934,218325,154767
2021-05-04,185239,169186,212221,231367,223226,203105
2021-05-05,248177,181136,302282,227157,217406,173634
2021-05-06,203771,271197,235485,209901,198588,196934
2021-05-07,203521,185453,231768,209856,223829,225938
2021-05-08,142057,180320,225290,178357,221194,163634
2021-05-09,192039,276173,180533,214779,172857,192969
2021-05-10,184634,239150,231020,191039,167460,192618
2021-05-11,199054,188753,179193,174350,189125,248468
2021-05-12,229241,176560,193360,218915,233588,244877
2021-05-13,202469,183445,198958,175974,210502,213325
2021-05-14,153513,174582,220650,200732,207123,215971
2021-05-15,205365,202592,198729,214669,249680,223888
2021-05-16,204084,142778,217801,181114,239918,197083
2021-05-17,190365,164547,233963,218464,168021,175716
2021-05-18,161347,218877,186547,212802,167228,204139
2021-05-19,226664,164744,311801,176289,183319,270271
2021-05-20,185757,226663,195932,227031,172559,183725
2021-05-21,215051,243987,203715,233675,199512,193159
2021-05-22,217311,234077,214028,258086,225599,201064
2021-05-23,185702,245306,153654,203332,179347,224848
2021-05-24,193318,238000,211695,218854,222703,146581
2021-05-25,224458,179158,286749,188444,209658,244329
2021-05-26,235739,164648,132988,218353,184051,206653
2021-05-27,248281,187098,179741,217674,149951,204473
2021-05-28,222673,222745,206251,248891,245202,183363
2021-05-29,174728,198924,136829,219951,147962,239462
2021-05-30,270952,237968,216177,182801,202127,229341
2021-05-31,206833,198415,231618,232073,218357,194426
2021-06-01,217995,190347,171355,250040,203231,221913
2021-06-02,215947,210776,202603,160970,188286,160379
2021-06-03,141188,230869,195806,219182,250452,225064
2021-06-04,217823,225661,182981,232528,201518,204108
2021-06-05,192054,188761,160857,239271,181313,192103
2021-06-06,151091,204413,237316,230784,156908,182236
2021-06-07,187470,169308,179566,165028,179902,178283
2021-06-08,200433,153940,228748,235028,187379,220568
2021-06-09,150768,211295,173224,214622,206649,270234
2021-06-10,208780,220939,226842,203279,122465,143098
2021-06-11,238699,212464,219585,186331,218336,185634
2021-06-12,136812,164970,178407,152332,202714,203716
2021-06-13,203809,204011,269180,211947,221347,190471
2021-06-14,210824,174018,249175,285324,189451,182537
2021-06-15,192786,180553,193429,180122,202761,164276
2021-06-16,174657,195574,198183,154028,198257,238171
2021-06-17,209655,226317,211612,257855,231131,233453
2021-06-18,177433,236970,173830,197339,191797,181959
2021-06-19,225923,186187,170598,247728,210933,198584
2021-06-20,268674,217209,204326,267691,207517,218046
2021-06-21,256774,224734,155835,211040,216933,234545
2021-06-22,215627,258808,212081,165240,170992,202548
2021-06-23,157330,191051,197569,171381,207639,184579
2021-06-24,228817,250353,181930,186775,193456,157845
2021-06-25,202126,240446,193164,212499,178323,194045
2021-06-26,182039,195067,208061,264374,228376,182593
2021-06-27,139875,206016,213214,222606,223354,221364
2021-06-28,196932,205479,199432,216915,230679,189058
2021-06-29,186525,186877,181760,237019,242059,150772
2021-06-30,161225,168208,206595,211161,199498,169837
2021-07-01,189699,159767,227660,197366,239777,183457
2021-07-02,223971,195231,138965,161943,186559,232191
2021-07-03,201874,186056,199583,235519,124801,226962
2021-07-04,194919,200051,161364,204272,237679,199009
2021-07-05,192122,199839,196640,253698,211133,160862
2021-07-06,200464,201829,197086,167228,200515,158190
2021-07-07,205968,204630,163494,195099,203929,210820
2021-07-08,239177,232935,217796,173103,216860,239659
2021-07-09,214253,178075,228864,187393,176672,240475
2021-07-10,210522,192103,173839,190381,175138,218110
2021-07-11,175194,172440,229951,225187,191736,165040
2021-07-12,208478,225333,204036,168930,166405,182409
2021-07-13,231870,264475,195416,193504,173337,209563
2021-07-14,205735,168209,264142,222128,134266,196502
2021-07-15,154153,231623,239289,204559,183654,219825
2021-07-16,217154,227397,218764,223194,230077,212021
2021-07-17,226479,182849,171931,230890,231191,179752
2021-07-18,204537,255808,162084,124962,177828,198556
2021-07-19,205186,171027,160290,206138,192340,250649
2021-07-20,232957,209341,210675,196092,201614,177569
2021-07-21,222399,216294,168388,231618,159745,194745
2021-07-22,227614,151496,185382,208602,176706,177686
2021-07-23,139216,207440,166452,193444,192555,200734
2021-07-24,196120,241673,247581,138935,193189,252587
2021-07-25,188109,210511,205324,124221,248169,194062
2021-07-26,216648,183789,196623,207749,240095,169032
2021-07-27,202477,168717,230481,168615,217199,148124
2021-07-28,153314,202990,142695,159195,217233,200203
2021-07-29,202722,224717,216743,159708,191578,192957
2021-07-30,209716,199198,190180,198666,189813,193762
2021-07-31,198206,225768,126210,287812,211327,208024
2021-08-01,233582,188265,144512,197985,239180,145843
2021-08-02,177356,155154,223973,185766,199089,218321
2021-08-03,200359,202568,194029,217730,195052,226702
2021-08-04,148902,225221,165620,179020,185246,176180
2021-08-05,183694,199857,197069,169175,197382,220846
2021-08-06,249056,125567,186712,231271,175631,160260
2021-08-07,190080,182496,190313,215277,158729,230970
2021-08-08,207255,221928,182094,137319,194517,200615
2021-08-09,215293,189199,190221,232368,174989,153139
2021-08-10,200859,170304,199114,236341,183265,176865
2021-08-11,232802,197888,256377,244541,185929,187879
2021-08-12,202621,196722,145187,164722,162617,197485
2021-08-13,227491,182085,167715,185697,186161,266503
2021-08-14,201818,203785,240941,178114,191196,205517
2021-08-15,179967,222342,191893,197593,156058,198434
2021-08-16,180046,167946,242903,208485,181265,185762
2021-08-17,211164,205323,285405,177924,272859,221976
2021-08-18,231877,178338,111719,189077,226548,192521
2021-08-19,229108,231436,199133,161137,142954,237739
2021-08-20,189015,187558,254390,141134,266181,217129
2021-08-21,267131,270838,136365,188329,248960,235839
2021-08-22,190279,205885,161771,161897,251533,176174
2021-08-23,208888,201716,233113,192299,256766,170323
2021-08-24,218581,199126,212148,238389,160139,204436
2021-08-25,139244,235188,246738,177955,131777,209014
2021-08-26,208778,217971,226261,191318,178839,189078
2021-08-27,190613,196425,150267,258141,217878,175066
2021-08-28,143723,180152,184524,219529,221484,176467
2021-08-29,192978,181288,179153,225717,218978,235432
2021-08-30,210348,219108,152790,206780,218903,172856
2021-08-31,221069,205875,215272,211140,224794,213375
2021-09-01,135308,180063,158223,274137,253204,191967
2021-09-02,195939,175185,175626,227429,168569,164437
2021-09-03,167555,174733,227974,162887,172660,187298
2021-09-04,174206,202337,178982,218154,161850,194744
2021-09-05,219931,193461,195690,190650,150841,155014
2021-09-06,178137,221266,274314,169518,191618,204681
2021-09-07,156725,176457,244405,162356,246084,224626
2021-09-08,303115,192733,251013,149330,228103,230135
2021-09-09,167276,210077,134614,181069,234428,194560
2021-09-10,104833,210267,220778,196503,194877,192051
2021-09-11,222965,266425,181472,159549,176524,222028
2021-09-12,146007,202960,154899,136487,196446,205111
2021-09-13,225952,202698,171641,214364,206383,171438
2021-09-14,171177,185767,179312,175036,144737,212563
2021-09-15,196878,142231,175705,204328,179408,255279
2021-09-16,196904,215298,186738,162466,166857,186428
2021-09-17,157731,217819,181291,198435,189121,184212
2021-09-18,186369,211640,196629,190921,156491,228931
2021-09-19,220807,147543,196021,237968,226061,250663
2021-09-20,182595,220877,174340,214684,163555,200916
2021-09-21,195354,178730,226723,234942,186696,221255
2021-09-22,182982,172121,198841,201638,156219,211884
2021-09-23,186657,191836,228628,209225,245119,206539
2021-09-24,188831,202894,167168,187665,202523,270970
2021-09-25,270402,169466,219867,186465,206502,211013
2021-09-26,160274,177755,267533,140938,271002,186485
2021-09-27,238936,229322,172017,152666,210940,182024
2021-09-28,165166,173944,161929,256188,245048,167721
2021-09-29,237449,178142,202223,199908,201888,184906
2021-09-30,156869,155160,201849,203025,188401,150749
2021-10-01,278547,248626,183406,251732,141507,242799
2021-10-02,215369,153832,281026,216059,191874,148672
2021-10-03,209384,236586,219335,256014,180233,214186
2021-10-04,273088,224749,200934,178558,177357,186010
2021-10-05,184323,189163,271329,208870,180603,179480
2021-10-06,250119,209669,203010,240724,170108,167509
2021-10-07,157048,189280,239076,214857,205574,231939
2021-10-08,196005,244421,243980,156382,194344,186013
2021-10-09,188456,246483,248581,235296,206103,159330
2021-10-10,192082,166718,216800,202912,118015,189596
2021-10-11,186995,224534,203887,248112,228612,238330
2021-10-12,204243,187223,190138,184618,224233,169509
2021-10-13,231905,186251,282292,165222,207008,185363
2021-10-14,207283,227709,195481,176383,185877,197075
2021-10-15,229227,171961,249602,250284,209761,186352
2021-10-16,203179,205195,230589,170706,189233,204392
2021-10-17,163453,176687,223622,208404,194556,266282
2021-10-18,188954,183876,169396,210093,218137,267848
2021-10-19,146233,226052,245130,151797,193701,207508
2021-10-20,223188,179481,203698,271794,208019,203675
2021-10-21,186857,275025,196899,145174,197061,138954
2021-10-22,208009,213231,165694,165908,175766,212484
2021-10-23,260997,201401,189697,177231,202988,228854
2021-10-24,185958,199492,180944,231220,210311,147688
2021-10-25,249094,195303,186401,171266,185538,264927
2021-10-26,254934,168916,234848,199511,220021,256555
2021-10-27,194338,146358,210253,193405,146135,160983
2021-10-28,252475,198468,187526,258857,214560,160800
2021-10-29,190774,197558,185863,158719,204870,234858
2021-10-30,222374,202895,182074,185534,174494,196163
2021-10-31,238629,207937,191384,213140,172787,173282
2021-11-01,194327,165249,227207,242880,185760,211658
2021-11-02,179878,181578,190644,181048,222443,150826
2021-11-03,192763,171122,219132,145134,172468,244013
2021-11-04,167064,157798,140909,217364,173119,214184
2021-11-05,218662,225086,272725,243189,195566,216169
2021-11-06,176366,189049,204428,224244,181652,197205
2021-11-07,152177,226717,244183,268649,190001,192872
2021-11-08,213930,241926,159236,188049,205430,240049
2021-11-09,212928,230959,200898,183275,214458,271333
2021-11-10,209277,181994,170630,200519,198497,207695
2021-11-11,249262,273111,242401,183116,215200,206493
2021-11-12,229109,176172,185125,197601,221833,253012
2021-11-13,246132,169091,157396,293974,256549,195312
2021-11-14,239865,179575,198805,179512,222533,146590
2021-11-15,184650,168269,224605,169723,214826,220536
2021-11-16,206426,217934,208599,211040,170750,257230
2021-11-17,243349,164280,225518,150296,153302,171553
2021-11-18,223945,261766,218138,201915,223501,225042
2021-11-19,182606,178992,211832,227818,231335,184233
2021-11-20,224999,132002,230576,155774,200473,205121
2021-11-21,202996,234734,221784,180143,253479,180273
2021-11-22,212523,224051,134078,190005,136858,176938
2021-11-23,168636,220143,186015,184105,203029,243938
2021-11-24,238863,222350,158828,199805,184791,220220
2021-11-25,197941,206189,200680,218445,170409,233150
2021-11-26,218686,293644,157080,160008,219291,218231
2021-11-27,170431,194308,208110,141568,157221,264085
2021-11-28,165835,218855,171439,238275,201178,231587
2021-11-29,247896,209932,197495,249447,194399,246768
2021-11-30,169533,215424,220765,142764,227210,211667
2021-12-01,148209,163917,188033,194628,184455,228504
2021-12-02,235737,170920,173143,146486,225636,183789
2021-12-03,205352,194473,179095,192552,213421,172868
2021-12-04,201245,165651,172097,211313,223051,189470
2021-12-05,201629,251116,246805,192918,271971,233933
2021-12-06,150310,196266,153140,252125,188780,161785
2021-12-07,196784,180596,210170,179379,199271,223363
2021-12-08,192852,248400,198705,178947,174381,196839
2021-12-09,155628,224796,170439,184829,168516,190628
2021-12-10,274464,170197,166389,144715,220645,115995
2021-12-11,206579,293162,162667,173739,237432,248146
2021-12-12,183634,222511,235008,205591,184813,172857
2021-12-13,204634,170603,193616,210732,157292,196252
2021-12-14,167622,273900,224865,240200,266995,174231
2021-12-15,161645,201806,172173,248550,268740,170082
2021-12-16,173949,205209,202040,254138,204761,158717
2021-12-17,177435,243003,187614,224795,194448,204462
2021-12-18,153257,191221,234751,206090,226127,203909
2021-12-19,242908,229461,205224,221848,209886,207698
2021-12-20,240166,219390,177286,210991,179159,162926
2021-12-21,169899,203900,266025,242831,200656,225151
2021-12-22,193657,174098,181895,257705,200460,177904
2021-12-23,232213,159863,127094,233227,164926,123532
2021-12-24,178792,169606,230503,227742,155484,216962
2021-12-25,238319,199768,220684,194698,113337,168074
2021-12-26,172750,212922,192886,147292,220629,184549
2021-12-27,222409,130667,229204,248819,207233,188210
2021-12-28,186290,157185,170634,201924,179903,172382
2021-12-29,194212,199795,246697,241769,229502,231796
2021-12-30,200411,201443,262516,166114,184603,232321
2021-12-31,227896,266571,224273,185048,229026,247216
2022-01-01,146961,170953,213693,197589,196235,248929
2022-01-02,197358,222270,162178,144989,202655,257248
2022-01-03,199648,198632,209667,208924,181722,216479
2022-01-04,191237,199867,245685,226233,233068,201707
2022-01-05,161040,180937,195051,202006,231956,158752
2022-01-06,254689,246051,196428,158861,273474,198553
2022-01-07,202170,256794,216372,223499,188302,196342
2022-01-08,160179,209186,127439,168886,168141,204246
2022-01-09,170364,161407,152545,194423,161357,149646
2022-01-10,157645,186494,192286,241205,285381,250272
2022-01-11,266631,186316,143275,219444,250813,288901
2022-01-12,210051,207013,249337,252472,224827,182377
2022-01-13,153518,250125,205643,211984,243705,230434
2022-01-14,177113,231935,200649,205941,184931,198543
2022-01-15,217725,198933,209230,157641,244991,182190
2022-01-16,248840,176673,220254,178478,193392,200060
2022-01-17,209332,239496,194479,276679,186086,194856
2022-01-18,279998,162789,213340,203848,168243,251626
2022-01-19,141804,200005,182198,204820,168132,194478
2022-01-20,125754,187914,215418,183563,234291,148487
2022-01-21,237433,204177,179938,183939,126250,188709
2022-01-22,194920,260105,196042,150129,138701,215939
2022-01-23,197244,189240,178834,203203,208366,239864
2022-01-24,212478,209773,154791,124351,192783,217459
2022-01-25,223671,222922,172455,198071,300227,201750
2022-01-26,132449,192854,231552,190806,244312,231328
2022-01-27,194421,191156,228825,174894,210478,180538
2022-01-28,182814,232564,240966,189179,259817,186042
2022-01-29,174257,174731,203676,233582,185199,227299
2022-01-30,249443,218456,163460,171688,139760,174399
2022-01-31,165416,223543,200355,224885,170863,192638
2022-02-01,190415,229091,195926,202464,184512,190916
2022-02-02,251381,197224,142893,211363,229988,128085
2022-02-03,191937,191895,231951,164829,152251,179415
2022-02-04,134493,180532,161947,219684,220715,239492
2022-02-05,223683,233416,295470,202812,164862,221942
2022-02-06,192311,193245,261108,209020,144959,261596
2022-02-07,252596,171739,225764,209749,214666,211526
2022-02-08,214473,263925,217454,203103,213407,197510
2022-02-09,154340,297162,222874,168941,139129,208321
2022-02-10,221323,255245,172159,203462,165597,228862
2022-02-11,194070,170169,225330,187096,206902,228597
2022-02-12,192561,248803,173715,214389,188780,194098
2022-02-13,231763,183637,171351,221950,244328,158381
2022-02-14,147500,238566,203702,182819,157924,153977
2022-02-15,162300,212310,130890,159271,235996,234793
2022-02-16,297315,183159,179525,286435,194097,206581
2022-02-17,197142,211953,183169,181286,173277,224286
2022-02-18,212378,184051,228704,185031,166359,209587
2022-02-19,160820,161912,188585,214919,196540,158030
2022-02-20,108846,234485,202607,205457,171466,159988
2022-02-21,191295,212896,174880,218830,200175,193629
2022-02-22,197649,199526,186672,136386,205041,158294
2022-02-23,218676,178487,229242,203667,217742,255125
2022-02-24,192734,191394,226472,253900,229510,207722
2022-02-25,246308,250435,202177,237087,206787,240694
2022-02-26,192455,244017,184346,185427,228365,251969
2022-02-27,222062,151961,185426,256627,181973,222056
2022-02-28,205966,161971,221070,189013,239824,219081
2022-03-01,249608,179978,211396,204891,179443,212509
2022-03-02,163880,186872,187789,235730,175325,202455
2022-03-03,214231,177779,142742,235007,199705,192317
2022-03-04,203908,157614,217544,235491,165715,284999
2022-03-05,184827,209601,180443,176896,269500,218059
2022-03-06,244946,215813,190590,150473,192685,236842
2022-03-07,243407,179779,207349,166068,243499,217011
2022-03-08,227367,231608,191821,170492,173370,224736
2022-03-09,207777,204346,281950,247359,151562,246562
2022-03-10,232452,267203,187168,216035,192588,199455
2022-03-11,175103,190126,134343,217383,252773,171662
2022-03-12,228158,222541,243836,203181,243160,236788
2022-03-13,248159,192021,234674,230684,161008,235389
2022-03-14,252353,224780,287815,244768,172625,170452
2022-03-15,283282,229849,241342,162550,245841,230455
2022-03-16,198803,186992,216902,218764,164455,182962
2022-03-17,211438,194807,163236,226901,184022,170373
2022-03-18,231195,197839,253395,199429,141000,161532
2022-03-19,228332,236649,264711,204179,149891,254961
2022-03-20,155290,175004,196546,214897,196124,196909
2022-03-21,162498,153320,169336,170295,204401,225375
2022-03-22,175375,178184,161170,184269,253127,210119
2022-03-23,245730,187101,244368,231713,217752,237654
2022-03-24,165852,287263,187890,246033,189199,288726
2022-03-25,197506,141358,176800,196150,161094,197158
2022-03-26,194642,174664,284137,201067,155514,249645
2022-03-27,185945,189314,197078,201102,217925,230170
2022-03-28,220551,217515,191866,209873,129896,238004
2022-03-29,243260,158794,219468,198739,212728,230539
2022-03-30,178692,174746,225662,173896,162452,197249
2022-03-31,206326,243490,255043,180857,245581,185874
2022-04-01,147818,233541,231986,214170,187080,243637
2022-04-02,210978,200209,167093,204599,214130,182450
2022-04-03,195465,196797,177272,185368,252591,123622
2022-04-04,196648,178940,172425,225390,190080,212315
2022-04-05,210588,222201,209963,194509,140631,218058
2022-04-06,230181,282388,175430,211268,247401,158768
2022-04-07,248555,192539,204730,262360,161616,306107
2022-04-08,223693,272057,167175,184758,224952,223552
2022-04-09,225207,232533,246656,185820,213638,250513
2022-04-10,247485,242140,195624,142512,247429,217430
2022-04-11,190439,161771,209561,215525,180516,204841
2022-04-12,149129,240742,186624,179128,204777,171627
2022-04-13,237737,183178,228240,233704,162576,190366
2022-04-14,256480,194366,200281,169626,216171,166786
2022-04-15,180215,241505,187217,186303,124401,166433
2022-04-16,231082,189292,193123,195163,234370,197709
2022-04-17,253119,221597,243191,236176,178184,290720
2022-04-18,217283,259559,211384,235689,135245,262987
2022-04-19,185791,153873,160996,196892,236796,169543
2022-04-20,151524,310214,206739,245178,210743,183473
2022-04-21,262449,153321,191390,223754,196499,149866
2022-04-22,180742,253911,228856,225131,237265,204423
2022-04-23,188894,178108,195745,151702,193345,195528
2022-04-24,142264,242167,193525,176002,137642,169099
2022-04-25,173153,213731,218760,209905,213050,176396
2022-04-26,139141,270615,150532,191453,222095,162633
2022-04-27,217828,238908,231732,223368,168684,169083
2022-04-28,184374,189673,231627,259905,186608,233384
2022-04-29,172192,143256,185745,178160,152428,227766
2022-04-30,181957,223561,173219,201215,221777,224807
2022-05-01,189888,180306,166517,129491,123266,223192
2022-05-02,121384,188797,241144,184250,209170,227423
2022-05-03,188813,183034,154350,236876,143940,181670
2022-05-04,265523,219472,214255,256662,199481,188543
2022-05-05,222288,203195,229340,213488,219346,234620
2022-05-06,212938,201944,176143,215690,198833,174105
2022-05-07,222121,212075,206497,196769,202442,155212
2022-05-08,208472,195554,212809,257162,223039,184294
2022-05-09,296565,175151,196221,192028,231919,205392
2022-05-10,179493,179931,183476,172621,221634,186219
2022-05-11,204883,242857,163953,164792,134513,184187
2022-05-12,217412,178994,177195,201830,189047,214574
2022-05-13,170129,174133,149313,264002,149845,170066
2022-05-14,180401,157386,263419,156076,200258,208723
2022-05-15,215439,220762,190369,204822,177979,222996
2022-05-16,236849,174404,156174,243599,209732,242864
2022-05-17,220666,147299,205447,194904,215464,240200
2022-05-18,185077,165963,168003,206037,185090,235154
2022-05-19,243729,176384,190932,195372,208283,198203
2022-05-20,248162,220200,184637,218550,270486,156009
2022-05-21,214317,188962,154188,183945,153438,177643
2022-05-22,154985,256937,179596,170707,168883,285785
2022-05-23,172651,293759,244768,190059,189522,173735
2022-05-24,213584,189439,192322,181160,154602,247749
2022-05-25,198732,159521,197951,261800,148631,153939
2022-05-26,271710,182711,245610,241125,244996,177973
2022-05-27,211599,189431,214951,155365,179663,219348
2022-05-28,218514,155462,232088,244746,242826,178577
2022-05-29,200274,248619,240188,167379,174202,189823
2022-05-30,245918,202005,183794,188291,160466,187778
2022-05-31,219969,168444,172519,203570,224225,169683
2022-06-01,213258,167428,214281,204519,257926,192811
2022-06-02,297151,212511,240689,169876,201636,199508
2022-06-03,175583,132053,202441,212777,207915,258021
2022-06-04,166074,246477,244767,207534,253240,174586
2022-06-05,230886,225674,219595,163307,155074,224048
2022-06-06,171913,232784,252913,187029,206911,132141
2022-06-07,171800,245256,237952,189688,276783,198402
2022-06-08,204083,197541,181476,107103,175226,206935
2022-06-09,175851,216662,204575,241014,246859,190124
2022-06-10,169118,253680,165006,213345,180842,235572
2022-06-11,153938,179095,173751,201717,235294,169889
2022-06-12,202969,177971,258356,257083,222548,196706
2022-06-13,144573,189821,209024,178994,219172,175814
2022-06-14,215290,230176,195347,168090,198814,152454
2022-06-15,217181,203377,157021,183761,210394,171954
2022-06-16,199518,157494,195260,174304,154055,174002
2022-06-17,208903,170389,185112,131459,183003,232412
2022-06-18,200169,202036,166418,220348,214581,192754
2022-06-19,220987,215447,182675,181451,190640,229715
2022-06-20,176536,194411,155482,217030,200954,205831
2022-06-21,170691,169054,174941,240119,200951,157636
2022-06-22,223662,208344,216083,155153,208727,326146
2022-06-23,205009,261554,207921,206017,217870,161649
2022-06-24,179306,170119,229024,186019,199088,238572
2022-06-25,159634,222078,217907,260090,190989,223644
2022-06-26,185625,224053,237272,162095,182040,218680
2022-06-27,102218,174656,193059,231213,179372,202153
2022-06-28,192111,172653,203388,239456,177763,227666
2022-06-29,198593,135649,206899,235860,198788,181384
2022-06-30,177439,166640,182620,179610,175487,203378
2022-07-01,182370,279982,138712,164141,235628,158502
2022-07-02,206321,252756,222690,240854,203146,177548
2022-07-03,214750,237670,221156,172853,158993,200225
2022-07-04,247878,256138,236770,314425,196185,192137
2022-07-05,150593,174982,248505,252538,161378,189585
2022-07-06,194699,198277,282571,272772,185891,178107
2022-07-07,251798,201707,219226,199484,196610,196312
2022-07-08,170880,162855,200945,162115,254265,253635
2022-07-09,145974,138308,235153,202209,186822,177448
2022-07-10,190087,251176,224508,171789,218358,196490
2022-07-11,233659,186874,186723,188436,242782,169770
2022-07-12,193015,207936,170637,199408,258477,190630
2022-07-13,226271,168252,201666,201910,246313,182366
2022-07-14,161124,256865,201200,203485,304644,192282
2022-07-15,191857,259287,202093,184187,208657,217989
2022-07-16,161093,272021,196034,252137,190721,168492
2022-07-17,219431,210708,236824,220806,178315,162075
2022-07-18,142779,208527,168024,188829,143349,179785
2022-07-19,279430,214925,188621,235469,129791,232356
2022-07-20,193699,259325,190068,232892,145395,202889
2022-07-21,202046,173549,170210,181805,203439,193843
2022-07-22,164097,199821,165511,186058,211242,176700
2022-07-23,195498,227013,167782,222321,215133,238726
2022-07-24,190407,189288,271484,228044,247929,211099
2022-07-25,175877,191737,262603,201042,223957,222883
2022-07-26,170969,182450,218437,189083,241740,186727
2022-07-27,145488,195281,194497,223155,213427,204417
2022-07-28,210210,147111,177295,171445,232087,199715
2022-07-29,139834,205534,176311,174036,277051,214089
2022-07-30,152595,201862,185360,255156,217241,167911
2022-07-31,127107,227851,254054,162949,304144,228613
2022-08-01,202985,171741,159264,172694,166059,259839
2022-08-02,159973,227610,185173,254958,209949,195666
2022-08-03,159513,203632,221148,158836,163543,200072
2022-08-04,164238,191227,264045,169632,226274,198391
2022-08-05,157966,160685,203582,181245,199646,218257
2022-08-06,158479,271784,241832,161579,166380,238367
2022-08-07,150302,230071,161910,214835,180472,192410
2022-08-08,222744,185027,181710,176795,238963,216994
2022-08-09,232077,206065,218831,154329,194368,184506
2022-08-10,246820,213009,128271,226868,170544,165038
2022-08-11,217441,109874,180044,251604,169439,218155
2022-08-12,188778,210975,186336,208998,220704,210095
2022-08-13,224432,180686,140980,246761,217758,195809
2022-08-14,242021,202392,190790,194759,142428,188833
2022-08-15,235684,237784,230378,265419,213773,157304
2022-08-16,184179,196855,241363,226529,213035,235615
2022-08-17,297728,241940,244813,142440,208988,202786
2022-08-18,221019,270875,191168,219236,176727,162903
2022-08-19,165659,137775,172926,217320,211273,205345
2022-08-20,156013,183623,232808,196935,177494,209482
2022-08-21,209544,172437,206104,228159,173926,182564
2022-08-22,295091,229727,205728,189090,172711,152432
2022-08-23,189716,196208,191366,199925,223099,224171
2022-08-24,205409,238152,226164,224782,176133,200608
2022-08-25,209817,193079,191870,200335,234356,230829
2022-08-26,213255,202915,229147,180106,227167,193038
2022-08-27,169056,173357,258149,192847,166649,228987
2022-08-28,245495,202656,166187,201121,203336,253827
2022-08-29,215145,227586,178182,186814,223855,161142
2022-08-30,184697,199531,245063,178793,161713,261500
2022-08-31,139086,172429,201531,183135,192868,181446
2022-09-01,183357,254894,177911,241180,222509,158099
2022-09-02,219252,228255,266351,211920,213184,151634
2022-09-03,141021,167820,248818,231936,218820,167838
2022-09-04,143090,245501,272239,259365,163200,200954
2022-09-05,235533,186714,189645,228646,189350,282243
2022-09-06,235703,155538,210313,164941,187203,190942
2022-09-07,188231,199762,195546,201590,219882,143769
2022-09-08,220869,205115,193802,187613,246649,250880
2022-09-09,226962,241326,176593,213217,163214,267118
2022-09-10,213206,194360,235923,185628,133846,207604
2022-09-11,207264,168695,181443,192985,271659,219450
2022-09-12,207131,124474,181805,210034,192969,155501
2022-09-13,174048,157940,128107,240269,161357,186970
2022-09-14,188293,205658,211179,208477,186551,212049
2022-09-15,135485,218542,211885,208463,216772,205668
2022-09-16,228789,223416,243816,234382,230993,195263
2022-09-17,181429,211896,150036,170866,209753,186661
2022-09-18,165421,151422,220148,228394,239641,200172
2022-09-19,226933,216402,211537,170559,246350,206010
2022-09-20,217678,258694,234437,216808,191449,238180
2022-09-21,206599,192565,203885,174530,173106,228431
2022-09-22,175644,192940,180032,180040,197721,230157
2022-09-23,154937,216646,161308,223082,164742,224110
2022-09-24,269000,177665,280500,234716,187950,173642
2022-09-25,249258,164017,234464,205478,150924,175550
2022-09-26,215826,205977,118749,164383,222743,174681
2022-09-27,164520,230127,211097,246101,208341,166248
2022-09-28,158881,164422,194150,242682,279881,224160
2022-09-29,187548,213989,193923,196906,171600,244622
2022-09-30,204785,176065,147247,262923,185457,178805
2022-10-01,184674,179121,213960,185755,213817,190693
2022-10-02,240339,181281,208421,167072,205907,177714
2022-10-03,184065,218884,224066,241907,245695,186675
2022-10-04,203224,205943,202922,186066,181690,188390
2022-10-05,157504,231897,176495,174948,172014,214094
2022-10-06,191425,185250,238125,198756,170387,205556
2022-10-07,204514,169034,190078,153315,250132,204751
2022-10-08,243968,231841,194203,218975,201355,187674
2022-10-09,166903,176814,204852,166330,188468,224168
2022-10-10,217226,148282,223308,272243,272541,170122
2022-10-11,248575,184082,168179,252539,153823,182332
2022-10-12,163059,219033,207867,217588,238319,253251
2022-10-13,228309,228249,188501,207792,218675,129592
2022-10-14,291850,276369,179237,189558,143943,184290
2022-10-15,173548,319134,255632,208490,223080,215837
2022-10-16,189877,183262,160075,207985,198029,192852
2022-10-17,196087,191421,246081,259497,210493,194477
2022-10-18,237436,201936,281175,185709,221450,216948
2022-10-19,192574,152317,220801,192833,153107,232854
2022-10-20,154220,216768,213605,200112,227536,148662
2022-10-21,204913,199282,215014,191772,143415,237761
2022-10-22,195367,257479,191661,186936,217897,129428
2022-10-23,234095,180043,173770,176132,191306,164759
2022-10-24,214270,172307,228886,208862,184039,198570
2022-10-25,199875,187872,214608,221234,200427,210082
2022-10-26,180010,209316,209021,221515,185376,251218
2022-10-27,199464,219771,233979,199693,192663,138269
2022-10-28,202458,183131,181243,186152,216686,226554
2022-10-29,194351,178535,207226,193414,228281,243956
2022-10-30,195659,206008,205207,257902,205854,200340
2022-10-31,272510,177649,158325,179927,187198,168013
2022-11-01,190389,202854,118913,161964,182888,234158
2022-11-02,192630,215564,168541,183542,194591,177027
2022-11-03,189252,230179,225046,207276,174652,163989
2022-11-04,170114,209370,190588,206538,158959,164244
2022-11-05,187356,302555,204729,186811,163464,142374
2022-11-06,230495,181353,204954,194143,172218,165747
2022-11-07,141273,226056,218915,170036,241352,269094
2022-11-08,195505,257544,141794,189032,201310,165231
2022-11-09,236047,197622,208162,196790,184011,204274
2022-11-10,190639,211166,167985,218153,183909,169811
2022-11-11,250146,247569,204263,244402,235137,175616
2022-11-12,233443,178104,158565,160573,219285,231487
2022-11-13,228285,233731,276706,194469,178516,170222
2022-11-14,143751,207495,226169,182544,231805,230305
2022-11-15,212509,200119,192939,178228,169153,172768
2022-11-16,198432,193500,199337,183508,181071,258547
2022-11-17,181834,219358,181013,223088,206673,225023
2022-11-18,213519,149641,197552,214202,187331,201696
2022-11-19,193310,193281,171912,221444,234334,231235
2022-11-20,277157,236974,217822,159925,217619,230200
2022-11-21,224748,240468,181617,199262,181462,180456
2022-11-22,232343,191386,145621,162030,262252,198276
2022-11-23,210681,207892,218249,168611,279532,197042
2022-11-24,204998,201438,215271,205722,235488,191857
2022-11-25,219764,196469,231431,209096,147651,279108
2022-11-26,224908,237582,194462,140025,240391,193043
2022-11-27,239961,161773,196892,209925,204588,263010
2022-11-28,175554,231915,181160,180560,223489,196953
2022-11-29,216173,243672,216697,172034,197456,152544
2022-11-30,169901,164261,237819,165361,224303,185810
2022-12-01,238723,226129,212665,210675,214013,279419
2022-12-02,216932,230732,179058,158097,323186,163207
2022-12-03,178439,232834,213935,209881,182575,182468
2022-12-04,166241,166797,164772,199704,155605,183918
2022-12-05,185302,231648,182766,191772,156629,234865
2022-12-06,217558,206528,209093,164033,227828,152670
2022-12-07,242708,207397,186051,181712,185681,245276
2022-12-08,259839,209735,196376,216726,167291,188176
2022-12-09,170625,208580,206575,212774,189183,175404
2022-12-10,190984,270123,192983,167090,225781,233399
2022-12-11,192251,211604,194041,210201,175096,198465
2022-12-12,208204,150548,217993,156598,200107,187437
2022-12-13,179265,322716,209074,249999,190976,174733
2022-12-14,186696,193476,170922,193583,224804,216431
2022-12-15,150643,198655,146674,150249,213988,245578
2022-12-16,185757,214147,150181,220676,168818,150171
2022-12-17,239816,257483,192536,179149,203038,173521
2022-12-18,195186,251049,206643,215836,174171,191598
2022-12-19,177985,172756,178016,225718,164420,184555
2022-12-20,212800,155400,201307,187411,215961,168296
2022-12-21,213655,167996,188071,222257,182508,163191
2022-12-22,215014,147471,204855,208028,175758,208185
2022-12-23,151597,189240,184654,230998,260844,248514
2022-12-24,222787,137043,163527,152603,159310,217342
2022-12-25,205037,150145,185236,213371,211071,238814
2022-12-26,175049,164646,199512,180705,257632,183531
2022-12-27,214984,228036,184873,198673,214172,224101
2022-12-28,201975,131141,183270,237297,198436,156759
2022-12-29,206683,196672,184267,243068,123095,175881
2022-12-30,142833,248833,178789,132020,164758,149096
2022-12-31,187275,196129,170940,243723,206864,203444
2023-01-01,155659,225774,195821,182515,191722,200874
2023-01-02,231910,174445,217269,217886,157163,184670
2023-01-03,167487,215315,238672,229700,242916,230508
2023-01-04,187910,229845,230310,215970,177949,173437
2023-01-05,190796,187442,209413,158886,188868,193293
2023-01-06,249902,217992,183627,186134,165923,227876
2023-01-07,239860,243352,225493,195036,232834,189086
2023-01-08,221635,197552,183755,257975,227932,218270
2023-01-09,189375,219514,178219,169990,203481,238954
2023-01-10,248544,218594,223577,226765,164652,205916
2023-01-11,194057,149970,167610,201415,225502,237923
2023-01-12,235437,161605,236128,215600,138980,247661
2023-01-13,254720,235566,232661,165894,161344,195217
2023-01-14,228683,254446,209692,241281,253979,240984
2023-01-15,227566,188704,196238,223488,240006,182407
2023-01-16,180118,185305,202063,255436,244017,189414
2023-01-17,247466,201238,205938,184487,159065,256737
2023-01-18,176008,216518,137050,169204,222737,190575
2023-01-19,191778,194153,225494,263995,140787,187680
2023-01-20,194587,281366,190957,188713,245975,203392
2023-01-21,222719,185036,173770,200896,277637,179696
2023-01-22,233696,187008,201427,210726,192100,223898
2023-01-23,174701,163189,169405,224941,260478,247991
2023-01-24,163754,198384,182617,180569,218781,175730
2023-01-25,242958,178316,220963,188311,173098,185986
2023-01-26,180815,249092,191073,181461,175186,202520
2023-01-27,183568,232041,174777,243961,144121,262734
2023-01-28,210801,156291,192088,168692,187278,137507
2023-01-29,210631,187258,205629,246237,243138,201249
2023-01-30,163239,165544,182787,260241,192171,212727
2023-01-31,235137,194052,242740,185345,193467,264703
2023-02-01,150495,173651,250138,187571,152305,216187
2023-02-02,218064,256667,187568,271719,244248,242961
2023-02-03,211370,194748,197101,130134,207279,190661
2023-02-04,177096,175441,167337,165994,281659,139496
2023-02-05,211291,237119,267276,218217,192677,254779
2023-02-06,228242,193016,198897,186752,200119,215180
2023-02-07,176835,198344,225851,200263,224086,229055
2023-02-08,180387,195535,236045,270273,225410,211747
2023-02-09,242794,168946,240688,206819,226416,230361
2023-02-10,130667,241797,210285,167998,203121,197602
2023-02-11,221154,230277,218849,225502,246275,250883
2023-02-12,194737,230138,215938,175191,206170,264550
2023-02-13,190160,200183,197798,199064,198503,184961
2023-02-14,211104,188749,208512,226000,204161,249515
2023-02-15,203049,156302,202390,174481,189582,161375
2023-02-16,195653,218762,222593,232631,186674,159579
2023-02-17,200927,209559,232354,211659,174900,142159
2023-02-18,136670,210815,186560,210102,225616,241828
2023-02-19,128807,205206,208989,188297,210404,239208
2023-02-20,146393,270201,238728,130109,181069,224272
2023-02-21,160568,177036,298459,201598,197807,217212
2023-02-22,212006,231408,194601,166199,159834,202709
2023-02-23,166984,228741,207556,200781,172393,201248
2023-02-24,192500,186574,148460,209729,178213,217139
2023-02-25,165546,179760,250238,153948,142260,198529
2023-02-26,212452,244197,200176,207015,232244,217369
2023-02-27,252825,170377,171970,242417,141156,225455
2023-02-28,205068,201543,144712,196072,166126,194778
2023-03-01,214760,204117,233912,303973,222614,167277
2023-03-02,214028,194048,175917,199903,208386,238145
2023-03-03,227369,187084,176630,258625,192691,176693
2023-03-04,175249,205154,203925,176673,214094,171101
2023-03-05,192996,235529,286484,185744,205108,218465
2023-03-06,201647,143624,161637,222940,211349,177409
2023-03-07,221800,146754,195894,270367,227740,178733
2023-03-08,200277,191502,250184,173643,161289,148966
2023-03-09,207027,266911,185470,217014,204686,240341
2023-03-10,290947,230432,224128,180555,247384,205540
2023-03-11,225868,173755,197828,250784,214831,173344
2023-03-12,228217,167487,221153,235397,231783,232089
2023-03-13,247436,225271,166373,161968,136832,222380
2023-03-14,226684,150646,222490,164318,167760,252775
2023-03-15,206691,187635,150660,204607,160777,216514
2023-03-16,232699,182218,175994,216965,194828,169363
2023-03-17,202660,194610,179918,254059,267400,176149
2023-03-18,165599,270722,150498,255649,222532,188325
2023-03-19,128040,217215,195885,196617,209961,277105
2023-03-20,264721,172893,176678,177529,226749,196347
2023-03-21,248191,167463,182923,155591,176953,218582
2023-03-22,205339,172247,181992,232049,183183,178195
2023-03-23,165191,210951,180641,193229,179550,192443
2023-03-24,229148,196705,153100,236428,225565,221037
2023-03-25,164096,216836,144695,210621,185305,196715
2023-03-26,172579,168988,192497,233486,203457,216644
2023-03-27,198403,182292,199633,200558,177668,212745
2023-03-28,163638,210167,180506,195121,194514,200810
2023-03-29,216471,175351,234872,226881,213294,220549
2023-03-30,214490,159100,220681,117785,185465,216830
2023-03-31,254078,211634,168642,240814,197281,152712
2023-04-01,205293,249382,227687,255367,181101,177146
2023-04-02,260221,220382,185958,184812,204215,167226
2023-04-03,219962,195616,215426,225463,179012,181101
2023-04-04,206502,194274,211164,153051,149768,178187
2023-04-05,174473,212968,181695,208775,208364,176102
2023-04-06,213104,188895,203333,188159,237292,116346
2023-04-07,175877,207454,238804,184271,266650,208459
2023-04-08,170548,263069,259211,229657,193538,214763
2023-04-09,171804,187499,157161,152198,201203,266564
2023-04-10,161101,191850,243991,238484,193532,183106
2023-04-11,148547,193846,214325,202909,212624,185877
2023-04-12,223069,258647,190557,177554,134451,251558
2023-04-13,260517,232574,193332,212331,202044,232396
2023-04-14,187423,239747,168750,244490,286495,218427
2023-04-15,183028,237357,192925,181703,197083,164319
2023-04-16,177842,175154,169360,173066,181328,206792
2023-04-17,230239,228359,185373,210332,172362,192785
2023-04-18,217447,208255,215450,182149,203123,193336
2023-04-19,191561,200152,171008,200956,147721,190356
2023-04-20,194630,176248,251572,168577,173601,172601
2023-04-21,178690,211652,182835,198983,235235,206366
2023-04-22,170613,282040,254964,136818,194091,206066
2023-04-23,235236,206860,163938,221382,225296,157136
2023-04-24,189180,214022,198198,209092,241520,164954
2023-04-25,219391,186809,215967,207273,213546,138468
2023-04-26,233618,205578,251241,191230,164733,171324
2023-04-27,180028,162203,187401,227552,246820,193388
2023-04-28,176612,240099,169385,217269,179195,182828
2023-04-29,208337,183379,167475,194332,230293,236105
2023-04-30,254558,129162,195974,199312,140966,179376
2023-05-01,272901,208640,228908,225829,194464,197314
2023-05-02,221365,198128,202395,174458,173851,203756
2023-05-03,188164,187285,138941,222134,158235,218473
2023-05-04,182946,151781,176858,199448,239045,212581
2023-05-05,224592,232768,209445,255990,245506,212407
2023-05-06,221842,192718,168964,186692,237807,235788
2023-05-07,169499,255533,200047,194665,179707,230461
2023-05-08,180476,215024,215754,124975,172665,241896
2023-05-09,140161,214889,188979,187069,244331,256171
2023-05-10,220041,153151,199875,179916,141463,177453
2023-05-11,224695,192144,159799,175226,183381,191536
2023-05-12,195530,197297,119192,265531,177872,209117
2023-05-13,156536,204063,157233,201260,240226,222505
2023-05-14,191903,230560,227511,223177,262355,159863
2023-05-15,179073,133415,221564,170074,244254,193013
2023-05-16,190519,233693,227406,240516,232382,171525
2023-05-17,213113,194597,198201,132271,199059,194200
2023-05-18,251592,216230,234315,156489,284266,229510
2023-05-19,219220,198709,180309,241308,141799,219150
2023-05-20,245828,198875,244930,195276,194151,212643
2023-05-21,244356,199265,170564,153000,188215,256758
2023-05-22,128956,170832,156141,223474,251017,182356
2023-05-23,244457,206090,173549,103871,176153,182359
2023-05-24,271949,203188,230395,167209,172356,193220
2023-05-25,192000,177573,196987,201297,238518,221886
2023-05-26,227189,286183,214118,219533,225105,268967
2023-05-27,212931,244023,212030,180333,198096,161823
2023-05-28,217846,220167,197723,158410,208641,221027
2023-05-29,186127,169982,228853,236101,224334,182982
2023-05-30,218787,205292,197982,230314,161102,180106
2023-05-31,210915,115957,180203,177495,259643,155114
2023-06-01,128732,223807,212038,208603,184941,207187
2023-06-02,241953,206895,221739,143944,207524,144276
2023-06-03,260789,152731,178027,166415,245499,154553
2023-06-04,231998,220564,205928,124769,246659,178010
2023-06-05,170825,207032,225612,215960,212876,171735
2023-06-06,173020,202414,144302,207515,189433,229112
2023-06-07,142908,204035,213133,255023,223246,253844
2023-06-08,165912,187064,214628,183587,178949,197443
2023-06-09,177861,289480,228603,226460,179464,250887
2023-06-10,250672,151303,174316,143521,222846,232043
2023-06-11,216925,220334,173973,216300,180573,205168
2023-06-12,240856,216564,170444,221834,192782,265853
2023-06-13,264855,187367,222804,203095,230196,180551
2023-06-14,211944,255163,192347,178777,208176,210570
2023-06-15,252887,147099,206906,230973,209372,238930
2023-06-16,238963,236330,241417,231470,209073,202262
2023-06-17,202076,239850,203280,147084,188205,254461
2023-06-18,222141,249199,235853,194082,219017,228132
2023-06-19,146695,185531,173946,254873,172762,229300
2023-06-20,197693,245512,139665,182926,225159,240037
2023-06-21,189585,193082,202518,242250,189165,217032
2023-06-22,254580,117449,219634,256294,196232,192188
2023-06-23,197342,174344,206199,150762,253168,189913
2023-06-24,170057,181724,171079,245263,172792,220101
2023-06-25,195398,263382,198299,172737,129093,172486
2023-06-26,203894,219930,178344,226023,177812,188254
2023-06-27,231787,147187,230819,231021,199830,235116
2023-06-28,184801,166698,221149,178865,177036,162578
2023-06-29,198756,226168,186427,156244,218160,176403
2023-06-30,209820,227709,202916,148921,160109,194736
2023-07-01,197599,218478,220325,241734,186795,165215
2023-07-02,214756,247766,194656,134367,204612,190617
2023-07-03,159603,207667,129919,195584,215455,188995
2023-07-04,202174,201383,182342,215778,165971,185758
2023-07-05,215577,149643,244045,152577,175620,143883
2023-07-06,194389,189386,208416,171449,173540,250031
2023-07-07,232305,226493,239617,194563,233480,181531
2023-07-08,148641,169456,188470,179537,214838,161475
2023-07-09,191415,181590,176932,233130,180955,203613
2023-07-10,185683,187496,234976,203778,180405,218130
2023-07-11,267052,213304,234430,193647,272753,231465
2023-07-12,262976,252115,170431,274090,185742,156976
2023-07-13,173645,201371,174672,245395,174484,151466
2023-07-14,199487,199900,233559,217489,235643,190009
2023-07-15,231731,237615,216694,274198,229588,228190
2023-07-16,129763,199808,182334,197321,194022,164965
2023-07-17,200916,203412,208764,179727,219336,212472
2023-07-18,223315,259921,208061,179214,131001,192278
2023-07-19,198400,135551,225571,261813,207793,213578
2023-07-20,199931,190465,219008,181747,175953,225022
2023-07-21,229212,229195,257849,209890,153458,259099
2023-07-22,146702,195343,167510,184372,194325,262942
2023-07-23,229628,258316,183383,199156,145537,202448
2023-07-24,183941,224579,191606,203474,163233,158346
2023-07-25,185613,229106,225483,224538,215160,298456
2023-07-26,204012,246815,235166,196599,185757,221306
2023-07-27,223436,227819,197155,199552,149701,208810
2023-07-28,194467,250195,192347,194441,176799,227032
2023-07-29,222859,218468,158623,226873,202831,205425
2023-07-30,165106,209045,244059,211147,215404,269248
2023-07-31,236590,175380,218987,222127,201183,209482
2023-08-01,207774,216209,206548,161052,206701,252345
2023-08-02,168663,196275,155823,253433,211852,212529
2023-08-03,172946,164259,194064,195841,224336,199870
2023-08-04,182597,206514,209272,169281,214313,191774
2023-08-05,199703,139753,206858,216859,178874,148628
2023-08-06,219011,284321,192408,187008,243089,186781
2023-08-07,181039,183557,251213,192499,194419,189836
2023-08-08,220886,176150,176131,165360,185478,188637
2023-08-09,151557,257620,161309,200959,147440,256465
2023-08-10,194633,174656,137901,232938,193008,200892
2023-08-11,206860,176985,209099,184890,189348,215125
2023-08-12,223351,245975,296382,164937,164851,216369
2023-08-13,186317,174859,181170,244265,217692,281902
2023-08-14,176966,168563,179624,216755,221650,204407
2023-08-15,240563,187879,204085,158770,194448,161389
2023-08-16,241470,189316,171912,167101,188550,131006
2023-08-17,212699,255683,268454,181077,213163,190946
2023-08-18,199462,165687,270228,180683,146872,181952
2023-08-19,147218,207773,143572,203787,205571,262507
2023-08-20,241616,178419,220996,213684,271003,207709
2023-08-21,190501,208454,222913,223659,152207,228170
2023-08-22,234409,204685,248144,183359,176003,185817
2023-08-23,247945,207966,248281,218989,226445,195674
2023-08-24,236684,194867,243260,166585,168458,163604
2023-08-25,202995,195540,189648,209194,221695,216605
2023-08-26,226579,180966,224011,193680,154943,211107
2023-08-27,226671,209152,154753,210128,258781,228143
2023-08-28,186730,252210,192459,225698,182009,259675
2023-08-29,176048,204765,165812,198555,143023,207133
2023-08-30,263149,192950,184693,215359,145182,264976
2023-08-31,226105,155391,143612,192030,203441,228973
2023-09-01,172937,150312,174655,229848,176766,177024
2023-09-02,192960,251859,153058,142324,258954,229019
2023-09-03,179598,181539,204805,217159,170403,210802
2023-09-04,134792,227695,195548,185754,172758,192656
2023-09-05,239525,215769,160872,220726,155619,147298
2023-09-06,197868,168771,199060,202313,217257,202066
2023-09-07,256240,179806,141315,135701,248183,215613
2023-09-08,215993,143347,212975,161409,186693,193971
2023-09-09,233885,258023,178720,215656,196010,221701
2023-09-10,203390,267419,182725,145361,197084,221866
2023-09-11,119046,193132,178137,174393,155856,186772
2023-09-12,190314,244527,235698,218699,209606,176526
2023-09-13,169982,210930,201016,163888,212922,210333
2023-09-14,218672,241339,183299,150097,230428,222611
2023-09-15,231386,182661,256200,216294,215967,204928
2023-09-16,240399,225331,177646,141255,231453,198020
2023-09-17,232056,258174,247864,206036,222112,182151
2023-09-18,250928,171677,186448,154435,257045,144315
2023-09-19,233053,148416,183594,211446,165339,251676
2023-09-20,180302,151883,132801,196309,189950,240313
2023-09-21,170742,239812,231751,163065,210939,242962
2023-09-22,243343,167937,212537,198336,221841,233316
2023-09-23,170549,214277,179152,221100,160345,194003
2023-09-24,240994,217573,206492,215192,218698,186466
2023-09-25,165987,231394,138318,153148,195752,218792
2023-09-26,190301,219863,214300,206118,182756,231223
2023-09-27,177647,215958,276480,189375,173959,195214
2023-09-28,204878,222296,146247,160623,194501,220038
2023-09-29,252838,259011,179851,178414,164678,150891
2023-09-30,210068,194707,205551,172899,210288,198507
2023-10-01,218384,210427,259087,204661,180262,175895
2023-10-02,174081,164574,170015,165125,168218,217696
2023-10-03,230182,239438,203576,249639,184858,117835
2023-10-04,149366,220911,190196,204306,225863,177260
2023-10-05,172004,215793,186050,182670,217270,154692
2023-10-06,231503,256862,206370,124211,191284,215890
2023-10-07,191505,173547,194586,225392,184099,206034
2023-10-08,197457,222743,198347,232542,197439,167933
2023-10-09,180426,159645,173633,161974,179776,231026
2023-10-10,238037,213790,136436,251326,207049,187130
2023-10-11,169614,271948,214890,231762,174790,194588
2023-10-12,206595,264209,179463,207577,219191,209907
2023-10-13,195020,196907,178491,265701,162402,208216
2023-10-14,185322,224153,194707,187738,180225,169553
2023-10-15,270371,191076,167036,243032,220661,254004
2023-10-16,159789,211386,204130,166819,254871,196374
2023-10-17,157472,178277,215079,181760,247870,231393
2023-10-18,251088,195301,222079,250332,219362,192001
2023-10-19,199713,183336,267811,196732,155907,223785
2023-10-20,250144,196193,217331,175632,225356,207225
2023-10-21,151376,176719,150933,200663,169137,174659
2023-10-22,186393,208165,150835,173274,190802,222539
2023-10-23,210234,193676,200572,190396,216661,235585
2023-10-24,212882,193837,220192,178848,222528,215947
2023-10-25,228374,169031,188101,205832,161150,179171
2023-10-26,193023,184980,207703,197779,176250,200205
2023-10-27,210156,193238,201467,208933,235238,224024
2023-10-28,153144,215654,195448,207151,208281,250828
2023-10-29,229716,143102,206306,279168,245930,229292
2023-10-30,213008,218670,218937,223365,216715,191459
2023-10-31,162410,222556,162273,237772,235327,205968
2023-11-01,228124,197217,213884,174548,172408,190736
2023-11-02,160028,225483,217607,168779,182900,192323
2023-11-03,206962,206522,145901,168331,217060,214420
2023-11-04,211224,211790,245749,223734,182975,283623
2023-11-05,185561,238827,197465,153962,152365,233012
2023-11-06,180900,207544,196490,228929,214949,208119
2023-11-07,188791,188276,200310,211424,241496,198321
2023-11-08,192594,189489,196513,197742,170410,171216
2023-11-09,179569,165088,225760,157078,203756,230068
2023-11-10,210658,232426,206988,194940,207794,167086
2023-11-11,175754,216721,190533,164974,214588,143169
2023-11-12,171631,223736,140465,170319,210143,168843
2023-11-13,203429,194712,187792,234037,144705,177671
2023-11-14,210914,243010,259100,191685,170402,159576
2023-11-15,187571,229913,211694,239407,203256,247582
2023-11-16,197220,279761,306936,152118,203044,194812
2023-11-17,194570,241847,160603,163372,224431,180676
2023-11-18,163666,215248,187252,188785,214167,206894
2023-11-19,203848,179520,199548,193664,223281,183301
2023-11-20,186180,217384,159892,180681,208220,248173
2023-11-21,226703,205508,170226,189087,242054,168657
2023-11-22,291322,148016,144804,215643,270466,168899
2023-11-23,187801,171234,163378,212768,198971,268732
2023-11-24,148326,189492,203987,184226,203687,188098
2023-11-25,203229,178196,173309,221381,181172,200028
2023-11-26,219727,233950,134696,209402,152451,246714
2023-11-27,153396,161835,194520,173104,217465,219303
2023-11-28,199319,197854,170828,159507,191298,225794
2023-11-29,196505,209790,204767,191702,211488,215936
2023-11-30,157281,223022,135192,171199,213397,139558
2023-12-01,209738,171132,190454,228356,178301,220150
2023-12-02,202089,218765,247250,232084,155070,212288
2023-12-03,227989,222212,269621,230695,175098,205831
2023-12-04,196899,230040,135927,261727,183132,164961
2023-12-05,217421,244844,200441,229507,177535,178281
2023-12-06,219695,240647,193798,152533,143568,157810
2023-12-07,168083,229467,223326,228610,169317,203466
2023-12-08,207807,186120,219202,268749,194511,188633
2023-12-09,151898,145771,183143,204652,224128,182023
2023-12-10,187126,215280,262243,172098,171909,180888
2023-12-11,243982,198821,138581,151679,271408,222055
2023-12-12,170070,221856,143145,203798,221728,222876
2023-12-13,192030,220806,204459,225626,176591,173444
2023-12-14,177627,243197,243796,196616,159334,202001
2023-12-15,164697,184494,205458,209288,268247,195665
2023-12-16,240894,201742,172532,211811,221610,230912
2023-12-17,222522,209237,174887,213251,255442,252346
2023-12-18,189314,227907,237713,274662,195807,209017
2023-12-19,181975,165594,181998,218064,207139,175002
2023-12-20,167933,151092,225701,208486,201836,252553
2023-12-21,179519,244694,168825,236114,177609,190056
2023-12-22,154009,195409,208871,161858,257536,172377
2023-12-23,151226,245481,204247,179149,215693,188059
2023-12-24,175692,174974,222268,235502,219884,261328
2023-12-25,136182,191657,199701,120242,173018,202675
2023-12-26,195326,189070,275513,198721,202397,225552
2023-12-27,217924,140354,253606,211424,237044,288193
2023-12-28,194728,254329,224813,194072,234847,247199
2023-12-29,196731,230443,220525,216619,239805,209944
2023-12-30,189421,212627,201054,261622,197465,231234
2023-12-31,245247,152488,153798,182967,202508,209452
